"HIOKI E.E. CORPORATION","IM3570","Ver. 3.06"

"DATE","23-01-28"
"TIME","18:18:05"

"SOURCE","FREQ"
"TRIG","SEQ"
"DRAW","REAL"
"TRIG DELAY","0.2000","s"
"DCBIAS","OFF"

"V","0.010","V"
"RANGE","AUTO"
"SPEED","SLOW"
"AVG","OFF"
"POINT DELAY","0.0000","s"
"No.","FREQUENCY(Hz)","Z[É∂]","É∆[Åã]"
"1","100.00E+00","638.265E-03","0.193"
"2","101.36E+00","637.891E-03","0.128"
"3","102.74E+00","638.712E-03","0.192"
"4","104.14E+00","638.433E-03","0.175"
"5","105.56E+00","639.094E-03","0.077"
"6","107.00E+00","638.584E-03","0.192"
"7","108.45E+00","638.834E-03","0.202"
"8","109.93E+00","638.078E-03","0.216"
"9","111.43E+00","638.663E-03","0.224"
"10","112.94E+00","638.201E-03","0.156"
"11","114.48E+00","638.875E-03","0.195"
"12","116.04E+00","639.013E-03","0.183"
"13","117.62E+00","638.797E-03","0.196"
"14","119.22E+00","638.674E-03","0.158"
"15","120.85E+00","638.221E-03","0.181"
"16","122.49E+00","638.910E-03","0.218"
"17","124.16E+00","638.689E-03","0.179"
"18","125.85E+00","638.923E-03","0.181"
"19","127.56E+00","638.239E-03","0.159"
"20","129.30E+00","638.688E-03","0.131"
"21","131.06E+00","639.035E-03","0.167"
"22","132.85E+00","638.080E-03","0.175"
"23","134.65E+00","637.908E-03","0.163"
"24","136.49E+00","638.731E-03","0.190"
"25","138.35E+00","637.901E-03","0.170"
"26","140.23E+00","638.021E-03","0.146"
"27","142.14E+00","638.689E-03","0.176"
"28","144.08E+00","637.785E-03","0.182"
"29","146.04E+00","639.270E-03","0.178"
"30","148.03E+00","637.815E-03","0.178"
"31","150.04E+00","638.373E-03","0.162"
"32","152.08E+00","638.640E-03","0.235"
"33","154.16E+00","638.127E-03","0.173"
"34","156.25E+00","638.272E-03","0.212"
"35","158.38E+00","638.646E-03","0.156"
"36","160.54E+00","638.304E-03","0.203"
"37","162.72E+00","639.122E-03","0.158"
"38","164.94E+00","639.060E-03","0.197"
"39","167.19E+00","638.038E-03","0.316"
"40","169.46E+00","637.362E-03","0.254"
"41","171.77E+00","637.727E-03","0.250"
"42","174.11E+00","639.066E-03","0.192"
"43","176.48E+00","638.521E-03","0.219"
"44","178.88E+00","638.028E-03","0.275"
"45","181.32E+00","638.541E-03","0.293"
"46","183.79E+00","638.417E-03","0.280"
"47","186.29E+00","638.694E-03","0.223"
"48","188.83E+00","637.920E-03","0.202"
"49","191.40E+00","638.398E-03","0.237"
"50","194.00E+00","638.324E-03","0.252"
"51","196.65E+00","638.060E-03","0.255"
"52","199.32E+00","638.968E-03","0.226"
"53","202.04E+00","638.385E-03","0.233"
"54","204.79E+00","639.715E-03","0.277"
"55","207.58E+00","638.448E-03","0.195"
"56","210.40E+00","637.788E-03","0.276"
"57","213.27E+00","637.595E-03","0.227"
"58","216.17E+00","638.504E-03","0.255"
"59","219.12E+00","638.806E-03","0.244"
"60","222.10E+00","639.103E-03","0.242"
"61","225.12E+00","638.244E-03","0.272"
"62","228.19E+00","638.961E-03","0.312"
"63","231.30E+00","637.598E-03","0.278"
"64","234.45E+00","638.135E-03","0.256"
"65","237.64E+00","638.430E-03","0.254"
"66","240.87E+00","637.780E-03","0.312"
"67","244.15E+00","638.410E-03","0.261"
"68","247.48E+00","638.061E-03","0.214"
"69","250.85E+00","638.107E-03","0.246"
"70","254.26E+00","638.140E-03","0.305"
"71","257.73E+00","637.863E-03","0.330"
"72","261.24E+00","638.400E-03","0.324"
"73","264.79E+00","638.202E-03","0.260"
"74","268.40E+00","638.714E-03","0.308"
"75","272.05E+00","638.096E-03","0.327"
"76","275.76E+00","638.250E-03","0.227"
"77","279.51E+00","637.705E-03","0.303"
"78","283.32E+00","637.747E-03","0.317"
"79","287.18E+00","637.841E-03","0.218"
"80","291.09E+00","638.078E-03","0.310"
"81","295.05E+00","638.389E-03","0.234"
"82","299.07E+00","637.814E-03","0.344"
"83","303.14E+00","637.700E-03","0.308"
"84","307.27E+00","638.363E-03","0.326"
"85","311.45E+00","638.110E-03","0.337"
"86","315.69E+00","638.480E-03","0.300"
"87","319.99E+00","638.315E-03","0.335"
"88","324.35E+00","637.642E-03","0.295"
"89","328.77E+00","637.602E-03","0.377"
"90","333.24E+00","638.255E-03","0.377"
"91","337.78E+00","638.547E-03","0.306"
"92","342.38E+00","638.368E-03","0.426"
"93","347.04E+00","638.922E-03","0.391"
"94","351.77E+00","637.895E-03","0.397"
"95","356.56E+00","637.811E-03","0.320"
"96","361.41E+00","638.691E-03","0.335"
"97","366.33E+00","637.900E-03","0.385"
"98","371.32E+00","638.334E-03","0.388"
"99","376.38E+00","637.934E-03","0.289"
"100","381.50E+00","638.232E-03","0.362"
"101","386.70E+00","638.712E-03","0.399"
"102","391.96E+00","637.591E-03","0.392"
"103","397.30E+00","637.579E-03","0.450"
"104","402.71E+00","639.133E-03","0.345"
"105","408.19E+00","637.784E-03","0.444"
"106","413.75E+00","638.892E-03","0.443"
"107","419.39E+00","637.712E-03","0.414"
"108","425.10E+00","638.220E-03","0.450"
"109","430.88E+00","637.998E-03","0.440"
"110","436.75E+00","637.935E-03","0.439"
"111","442.70E+00","638.533E-03","0.480"
"112","448.73E+00","638.859E-03","0.483"
"113","454.84E+00","639.103E-03","0.455"
"114","461.03E+00","638.279E-03","0.418"
"115","467.31E+00","638.522E-03","0.431"
"116","473.67E+00","638.013E-03","0.497"
"117","480.12E+00","637.901E-03","0.457"
"118","486.66E+00","638.637E-03","0.431"
"119","493.29E+00","639.025E-03","0.460"
"120","500.00E+00","637.536E-03","0.401"
"121","506.81E+00","637.022E-03","0.495"
"122","513.71E+00","638.384E-03","0.458"
"123","520.71E+00","639.037E-03","0.507"
"124","527.80E+00","638.242E-03","0.525"
"125","534.98E+00","639.171E-03","0.524"
"126","542.27E+00","638.436E-03","0.526"
"127","549.65E+00","638.872E-03","0.452"
"128","557.14E+00","638.904E-03","0.436"
"129","564.72E+00","638.104E-03","0.563"
"130","572.41E+00","638.276E-03","0.583"
"131","580.21E+00","639.703E-03","0.597"
"132","588.11E+00","637.943E-03","0.514"
"133","596.12E+00","637.132E-03","0.468"
"134","604.23E+00","640.077E-03","0.507"
"135","612.46E+00","638.149E-03","0.567"
"136","620.80E+00","638.044E-03","0.554"
"137","629.25E+00","637.922E-03","0.683"
"138","637.82E+00","637.986E-03","0.494"
"139","646.51E+00","637.811E-03","0.613"
"140","655.31E+00","637.841E-03","0.630"
"141","664.23E+00","637.526E-03","0.529"
"142","673.28E+00","637.819E-03","0.668"
"143","682.44E+00","638.067E-03","0.572"
"144","691.74E+00","638.445E-03","0.511"
"145","701.16E+00","638.440E-03","0.631"
"146","710.70E+00","638.948E-03","0.600"
"147","720.38E+00","638.894E-03","0.592"
"148","730.19E+00","638.091E-03","0.525"
"149","740.13E+00","638.831E-03","0.644"
"150","750.21E+00","638.227E-03","0.632"
"151","760.43E+00","638.980E-03","0.626"
"152","770.78E+00","639.320E-03","0.556"
"153","781.28E+00","638.905E-03","0.730"
"154","791.91E+00","637.247E-03","0.602"
"155","802.70E+00","638.326E-03","0.667"
"156","813.63E+00","638.104E-03","0.614"
"157","824.71E+00","638.071E-03","0.692"
"158","835.94E+00","637.420E-03","0.753"
"159","847.32E+00","639.362E-03","0.706"
"160","858.86E+00","638.302E-03","0.806"
"161","870.55E+00","638.816E-03","0.831"
"162","882.40E+00","638.366E-03","0.769"
"163","894.42E+00","638.426E-03","0.831"
"164","906.60E+00","638.069E-03","0.756"
"165","918.94E+00","638.779E-03","0.753"
"166","931.46E+00","639.530E-03","0.769"
"167","944.14E+00","639.040E-03","0.828"
"168","957.00E+00","637.772E-03","0.838"
"169","970.03E+00","638.937E-03","0.890"
"170","983.24E+00","638.967E-03","0.871"
"171","996.62E+00","640.088E-03","0.861"
"172","1.0102E+03","639.285E-03","0.891"
"173","1.0239E+03","638.786E-03","0.880"
"174","1.0379E+03","638.312E-03","0.932"
"175","1.0520E+03","638.911E-03","0.913"
"176","1.0663E+03","638.642E-03","0.917"
"177","1.0809E+03","638.559E-03","0.899"
"178","1.0956E+03","638.620E-03","1.023"
"179","1.1105E+03","639.168E-03","0.997"
"180","1.1256E+03","638.286E-03","1.023"
"181","1.1410E+03","638.982E-03","1.126"
"182","1.1565E+03","638.117E-03","1.007"
"183","1.1722E+03","638.442E-03","0.989"
"184","1.1882E+03","637.893E-03","0.960"
"185","1.2044E+03","638.667E-03","1.180"
"186","1.2208E+03","638.593E-03","1.213"
"187","1.2374E+03","637.981E-03","1.233"
"188","1.2543E+03","638.491E-03","1.262"
"189","1.2713E+03","639.048E-03","1.183"
"190","1.2886E+03","638.692E-03","1.119"
"191","1.3062E+03","639.418E-03","1.181"
"192","1.3240E+03","638.838E-03","1.233"
"193","1.3420E+03","638.426E-03","1.241"
"194","1.3603E+03","639.844E-03","1.201"
"195","1.3788E+03","638.949E-03","1.165"
"196","1.3976E+03","638.893E-03","1.237"
"197","1.4166E+03","638.617E-03","1.295"
"198","1.4359E+03","638.935E-03","1.427"
"199","1.4554E+03","638.897E-03","1.360"
"200","1.4753E+03","639.232E-03","1.376"
"201","1.4953E+03","639.421E-03","1.384"
"202","1.5157E+03","640.087E-03","1.429"
"203","1.5363E+03","638.570E-03","1.440"
"204","1.5573E+03","638.941E-03","1.353"
"205","1.5785E+03","639.962E-03","1.375"
"206","1.6000E+03","639.136E-03","1.467"
"207","1.6218E+03","638.772E-03","1.551"
"208","1.6438E+03","639.326E-03","1.518"
"209","1.6662E+03","639.305E-03","1.553"
"210","1.6889E+03","640.012E-03","1.615"
"211","1.7119E+03","639.348E-03","1.579"
"212","1.7352E+03","639.055E-03","1.536"
"213","1.7588E+03","639.215E-03","1.698"
"214","1.7828E+03","639.444E-03","1.657"
"215","1.8071E+03","639.077E-03","1.656"
"216","1.8317E+03","639.480E-03","1.686"
"217","1.8566E+03","638.914E-03","1.657"
"218","1.8819E+03","639.480E-03","1.767"
"219","1.9075E+03","638.489E-03","1.787"
"220","1.9335E+03","639.183E-03","1.860"
"221","1.9598E+03","638.706E-03","1.864"
"222","1.9865E+03","640.023E-03","1.862"
"223","2.0136E+03","639.892E-03","1.936"
"224","2.0410E+03","640.039E-03","1.930"
"225","2.0688E+03","639.885E-03","1.875"
"226","2.0969E+03","639.004E-03","1.983"
"227","2.1255E+03","639.347E-03","1.934"
"228","2.1544E+03","640.149E-03","2.102"
"229","2.1838E+03","639.529E-03","2.093"
"230","2.2135E+03","639.407E-03","2.159"
"231","2.2436E+03","639.740E-03","2.128"
"232","2.2742E+03","639.837E-03","2.057"
"233","2.3052E+03","638.912E-03","2.136"
"234","2.3365E+03","638.308E-03","2.232"
"235","2.3684E+03","639.794E-03","2.117"
"236","2.4006E+03","639.186E-03","2.209"
"237","2.4333E+03","640.054E-03","2.280"
"238","2.4664E+03","640.841E-03","2.321"
"239","2.5000E+03","639.450E-03","2.261"
"240","2.5341E+03","639.881E-03","2.406"
"241","2.5686E+03","639.241E-03","2.336"
"242","2.6035E+03","639.885E-03","2.303"
"243","2.6390E+03","638.994E-03","2.419"
"244","2.6749E+03","639.518E-03","2.506"
"245","2.7114E+03","639.459E-03","2.478"
"246","2.7483E+03","638.275E-03","2.525"
"247","2.7857E+03","638.430E-03","2.669"
"248","2.8236E+03","640.030E-03","2.582"
"249","2.8621E+03","639.176E-03","2.641"
"250","2.9010E+03","640.102E-03","2.794"
"251","2.9405E+03","638.377E-03","2.809"
"252","2.9806E+03","639.365E-03","2.787"
"253","3.0212E+03","639.649E-03","2.795"
"254","3.0623E+03","639.786E-03","2.862"
"255","3.1040E+03","639.977E-03","2.818"
"256","3.1463E+03","638.621E-03","2.845"
"257","3.1891E+03","638.856E-03","2.955"
"258","3.2325E+03","639.430E-03","3.083"
"259","3.2766E+03","639.062E-03","3.009"
"260","3.3212E+03","639.062E-03","3.158"
"261","3.3664E+03","640.289E-03","3.146"
"262","3.4122E+03","640.158E-03","3.164"
"263","3.4587E+03","639.500E-03","3.242"
"264","3.5058E+03","639.202E-03","3.315"
"265","3.5535E+03","639.833E-03","3.259"
"266","3.6019E+03","640.168E-03","3.309"
"267","3.6510E+03","640.120E-03","3.327"
"268","3.7007E+03","640.766E-03","3.280"
"269","3.7511E+03","639.920E-03","3.474"
"270","3.8021E+03","640.483E-03","3.538"
"271","3.8539E+03","638.929E-03","3.642"
"272","3.9064E+03","640.258E-03","3.547"
"273","3.9596E+03","640.128E-03","3.683"
"274","4.0135E+03","639.817E-03","3.687"
"275","4.0682E+03","639.588E-03","3.747"
"276","4.1235E+03","639.424E-03","3.780"
"277","4.1797E+03","639.750E-03","3.850"
"278","4.2366E+03","640.732E-03","3.986"
"279","4.2943E+03","640.072E-03","3.973"
"280","4.3528E+03","639.849E-03","4.060"
"281","4.4120E+03","639.803E-03","4.049"
"282","4.4721E+03","638.821E-03","4.182"
"283","4.5330E+03","641.188E-03","4.232"
"284","4.5947E+03","640.667E-03","4.334"
"285","4.6573E+03","640.429E-03","4.219"
"286","4.7207E+03","641.201E-03","4.424"
"287","4.7850E+03","640.457E-03","4.318"
"288","4.8502E+03","639.898E-03","4.519"
"289","4.9162E+03","640.030E-03","4.573"
"290","4.9831E+03","641.610E-03","4.602"
"291","5.0510E+03","640.711E-03","4.637"
"292","5.1198E+03","640.187E-03","4.635"
"293","5.1895E+03","640.123E-03","4.822"
"294","5.2601E+03","640.572E-03","4.916"
"295","5.3318E+03","642.448E-03","5.022"
"296","5.4044E+03","642.581E-03","4.991"
"297","5.4780E+03","640.767E-03","5.197"
"298","5.5526E+03","642.333E-03","5.189"
"299","5.6282E+03","641.241E-03","5.224"
"300","5.7048E+03","641.252E-03","5.415"
"301","5.7825E+03","641.392E-03","5.356"
"302","5.8612E+03","641.107E-03","5.407"
"303","5.9410E+03","642.648E-03","5.540"
"304","6.0219E+03","640.185E-03","5.661"
"305","6.1039E+03","641.870E-03","5.639"
"306","6.1870E+03","640.627E-03","5.530"
"307","6.2713E+03","641.833E-03","5.735"
"308","6.3567E+03","641.091E-03","5.793"
"309","6.4432E+03","642.416E-03","5.971"
"310","6.5310E+03","642.142E-03","5.974"
"311","6.6199E+03","642.616E-03","6.113"
"312","6.7100E+03","641.267E-03","6.272"
"313","6.8014E+03","644.125E-03","6.225"
"314","6.8940E+03","642.704E-03","6.313"
"315","6.9879E+03","642.824E-03","6.534"
"316","7.0830E+03","641.698E-03","6.590"
"317","7.1795E+03","644.805E-03","6.612"
"318","7.2772E+03","642.403E-03","6.730"
"319","7.3763E+03","643.721E-03","6.927"
"320","7.4768E+03","642.996E-03","6.837"
"321","7.5786E+03","643.459E-03","7.001"
"322","7.6818E+03","643.023E-03","7.191"
"323","7.7864E+03","643.073E-03","7.090"
"324","7.8924E+03","643.498E-03","7.262"
"325","7.9999E+03","644.533E-03","7.368"
"326","8.1088E+03","644.128E-03","7.489"
"327","8.2192E+03","643.607E-03","7.691"
"328","8.3311E+03","646.135E-03","7.580"
"329","8.4446E+03","645.536E-03","7.742"
"330","8.5596E+03","646.282E-03","7.868"
"331","8.6761E+03","643.925E-03","8.215"
"332","8.7943E+03","646.046E-03","8.179"
"333","8.9140E+03","646.318E-03","8.225"
"334","9.0354E+03","644.550E-03","8.345"
"335","9.1584E+03","644.423E-03","8.578"
"336","9.2831E+03","645.992E-03","8.575"
"337","9.4095E+03","644.865E-03","8.736"
"338","9.5376E+03","646.284E-03","8.804"
"339","9.6675E+03","647.474E-03","8.929"
"340","9.7992E+03","646.446E-03","8.979"
"341","9.9326E+03","647.178E-03","9.357"
"342","10.068E+03","645.901E-03","9.130"
"343","10.205E+03","648.314E-03","8.786"
"344","10.344E+03","645.431E-03","9.180"
"345","10.485E+03","645.339E-03","9.710"
"346","10.627E+03","649.020E-03","9.642"
"347","10.772E+03","652.361E-03","10.265"
"348","10.919E+03","645.260E-03","9.751"
"349","11.068E+03","647.118E-03","10.154"
"350","11.218E+03","645.316E-03","10.155"
"351","11.371E+03","651.918E-03","10.525"
"352","11.526E+03","646.816E-03","10.707"
"353","11.683E+03","649.193E-03","10.516"
"354","11.842E+03","645.129E-03","10.407"
"355","12.003E+03","650.369E-03","11.180"
"356","12.167E+03","647.589E-03","10.999"
"357","12.332E+03","652.419E-03","11.280"
"358","12.500E+03","651.923E-03","11.681"
"359","12.670E+03","647.005E-03","10.895"
"360","12.843E+03","649.159E-03","11.075"
"361","13.018E+03","651.194E-03","11.882"
"362","13.195E+03","645.689E-03","11.690"
"363","13.375E+03","649.093E-03","12.525"
"364","13.557E+03","653.267E-03","12.473"
"365","13.741E+03","653.138E-03","12.447"
"366","13.929E+03","647.553E-03","12.741"
"367","14.118E+03","654.883E-03","12.960"
"368","14.310E+03","656.002E-03","12.856"
"369","14.505E+03","654.405E-03","13.682"
"370","14.703E+03","654.250E-03","13.403"
"371","14.903E+03","655.642E-03","13.593"
"372","15.106E+03","658.559E-03","13.664"
"373","15.312E+03","656.820E-03","13.812"
"374","15.520E+03","658.076E-03","14.097"
"375","15.731E+03","660.407E-03","14.368"
"376","15.946E+03","661.065E-03","14.412"
"377","16.163E+03","657.074E-03","14.576"
"378","16.383E+03","660.450E-03","14.628"
"379","16.606E+03","659.875E-03","14.874"
"380","16.832E+03","661.516E-03","15.150"
"381","17.061E+03","660.420E-03","15.133"
"382","17.294E+03","665.724E-03","15.694"
"383","17.529E+03","664.284E-03","15.652"
"384","17.768E+03","661.711E-03","15.525"
"385","18.010E+03","663.238E-03","15.927"
"386","18.255E+03","672.453E-03","16.305"
"387","18.503E+03","665.085E-03","16.732"
"388","18.755E+03","659.955E-03","16.829"
"389","19.011E+03","665.938E-03","17.206"
"390","19.270E+03","666.675E-03","17.636"
"391","19.532E+03","673.472E-03","17.259"
"392","19.798E+03","675.152E-03","17.966"
"393","20.068E+03","668.843E-03","18.524"
"394","20.341E+03","674.544E-03","18.434"
"395","20.618E+03","676.807E-03","18.283"
"396","20.899E+03","672.535E-03","18.503"
"397","21.183E+03","672.865E-03","18.811"
"398","21.472E+03","674.957E-03","19.356"
"399","21.764E+03","673.789E-03","19.408"
"400","22.060E+03","677.618E-03","19.325"
"401","22.361E+03","679.151E-03","19.944"
"402","22.665E+03","679.339E-03","19.790"
"403","22.974E+03","680.453E-03","20.050"
"404","23.287E+03","683.262E-03","20.554"
"405","23.604E+03","682.900E-03","20.838"
"406","23.925E+03","685.481E-03","20.638"
"407","24.251E+03","684.518E-03","21.056"
"408","24.581E+03","688.997E-03","21.743"
"409","24.916E+03","689.090E-03","21.860"
"410","25.255E+03","688.416E-03","22.033"
"411","25.599E+03","690.443E-03","21.955"
"412","25.948E+03","690.716E-03","22.565"
"413","26.301E+03","694.912E-03","22.898"
"414","26.659E+03","697.520E-03","23.085"
"415","27.022E+03","695.797E-03","23.561"
"416","27.390E+03","698.116E-03","23.544"
"417","27.763E+03","695.547E-03","23.922"
"418","28.141E+03","699.452E-03","24.290"
"419","28.524E+03","703.864E-03","24.765"
"420","28.912E+03","705.424E-03","24.829"
"421","29.306E+03","703.868E-03","25.069"
"422","29.705E+03","707.006E-03","25.498"
"423","30.110E+03","709.748E-03","25.853"
"424","30.520E+03","710.460E-03","25.977"
"425","30.935E+03","712.053E-03","26.055"
"426","31.357E+03","714.994E-03","26.791"
"427","31.783E+03","718.291E-03","26.991"
"428","32.216E+03","720.205E-03","27.366"
"429","32.655E+03","721.733E-03","27.792"
"430","33.100E+03","724.347E-03","27.779"
"431","33.550E+03","724.517E-03","28.248"
"432","34.007E+03","726.651E-03","28.379"
"433","34.470E+03","730.538E-03","28.805"
"434","34.940E+03","731.760E-03","29.451"
"435","35.415E+03","738.800E-03","29.273"
"436","35.898E+03","736.271E-03","29.696"
"437","36.386E+03","740.002E-03","30.288"
"438","36.882E+03","744.886E-03","30.296"
"439","37.384E+03","742.293E-03","30.926"
"440","37.893E+03","748.967E-03","31.388"
"441","38.409E+03","756.210E-03","31.719"
"442","38.932E+03","755.641E-03","32.146"
"443","39.462E+03","752.973E-03","31.865"
"444","40.000E+03","765.639E-03","32.877"
"445","40.544E+03","757.511E-03","32.672"
"446","41.096E+03","769.070E-03","33.306"
"447","41.656E+03","770.660E-03","33.580"
"448","42.223E+03","775.398E-03","34.051"
"449","42.798E+03","777.470E-03","34.093"
"450","43.381E+03","781.975E-03","34.636"
"451","43.971E+03","782.678E-03","35.150"
"452","44.570E+03","786.469E-03","35.232"
"453","45.177E+03","790.066E-03","35.669"
"454","45.792E+03","795.853E-03","36.138"
"455","46.416E+03","800.718E-03","36.449"
"456","47.048E+03","801.144E-03","36.749"
"457","47.688E+03","806.216E-03","37.419"
"458","48.338E+03","808.672E-03","37.476"
"459","48.996E+03","814.378E-03","37.934"
"460","49.663E+03","823.254E-03","38.458"
"461","50.339E+03","826.666E-03","38.667"
"462","51.025E+03","829.057E-03","39.036"
"463","51.720E+03","832.718E-03","39.570"
"464","52.424E+03","836.516E-03","39.778"
"465","53.138E+03","840.830E-03","39.962"
"466","53.861E+03","850.101E-03","40.456"
"467","54.595E+03","854.398E-03","41.025"
"468","55.338E+03","857.980E-03","41.163"
"469","56.092E+03","866.638E-03","41.597"
"470","56.855E+03","867.181E-03","41.934"
"471","57.630E+03","873.359E-03","42.447"
"472","58.414E+03","880.763E-03","42.930"
"473","59.210E+03","884.418E-03","42.971"
"474","60.016E+03","890.100E-03","43.381"
"475","60.833E+03","896.300E-03","43.792"
"476","61.661E+03","903.735E-03","44.241"
"477","62.501E+03","907.445E-03","44.641"
"478","63.352E+03","918.327E-03","44.857"
"479","64.215E+03","920.202E-03","45.259"
"480","65.089E+03","931.007E-03","45.580"
"481","65.975E+03","934.836E-03","46.007"
"482","66.874E+03","943.138E-03","46.370"
"483","67.784E+03","947.889E-03","46.880"
"484","68.707E+03","958.538E-03","47.103"
"485","69.643E+03","967.903E-03","47.360"
"486","70.591E+03","972.913E-03","47.866"
"487","71.552E+03","982.126E-03","48.232"
"488","72.527E+03","987.166E-03","48.440"
"489","73.514E+03","1.002391E+00","49.089"
"490","74.515E+03","1.008195E+00","49.253"
"491","75.530E+03","1.019918E+00","49.400"
"492","76.558E+03","1.016659E+00","50.284"
"493","77.601E+03","1.037125E+00","50.084"
"494","78.658E+03","1.037630E+00","50.724"
"495","79.729E+03","1.040092E+00","51.338"
"496","80.814E+03","1.057419E+00","51.759"
"497","81.915E+03","1.063811E+00","51.671"
"498","83.030E+03","1.070578E+00","52.290"
"499","84.161E+03","1.082034E+00","52.516"
"500","85.307E+03","1.091856E+00","52.950"
"501","86.468E+03","1.098651E+00","53.164"
"502","87.646E+03","1.110095E+00","53.737"
"503","88.839E+03","1.120462E+00","53.964"
"504","90.049E+03","1.131458E+00","54.276"
"505","91.275E+03","1.143072E+00","54.584"
"506","92.518E+03","1.150682E+00","54.933"
"507","93.777E+03","1.160161E+00","55.313"
"508","95.054E+03","1.173429E+00","55.691"
"509","96.349E+03","1.186344E+00","55.982"
"510","97.661E+03","1.195414E+00","56.347"
"511","98.990E+03","1.208147E+00","56.597"
"512","100.34E+03","1.214245E+00","57.149"
"513","101.70E+03","1.216553E+00","57.015"
"514","103.09E+03","1.231627E+00","58.112"
"515","104.49E+03","1.262983E+00","58.321"
"516","105.92E+03","1.270813E+00","57.958"
"517","107.36E+03","1.295054E+00","58.265"
"518","108.82E+03","1.300638E+00","59.609"
"519","110.30E+03","1.304948E+00","59.074"
"520","111.80E+03","1.316348E+00","60.003"
"521","113.33E+03","1.335190E+00","59.150"
"522","114.87E+03","1.352732E+00","59.419"
"523","116.43E+03","1.358163E+00","60.416"
"524","118.02E+03","1.371394E+00","60.548"
"525","119.63E+03","1.376410E+00","60.143"
"526","121.25E+03","1.415395E+00","60.883"
"527","122.91E+03","1.416287E+00","61.364"
"528","124.58E+03","1.445915E+00","61.582"
"529","126.28E+03","1.449115E+00","61.548"
"530","128.00E+03","1.464329E+00","62.344"
"531","129.74E+03","1.492237E+00","62.789"
"532","131.50E+03","1.508775E+00","62.250"
"533","133.30E+03","1.529516E+00","63.534"
"534","135.11E+03","1.528940E+00","63.333"
"535","136.95E+03","1.538776E+00","63.771"
"536","138.81E+03","1.577329E+00","64.173"
"537","140.71E+03","1.590983E+00","63.438"
"538","142.62E+03","1.596176E+00","64.344"
"539","144.56E+03","1.641593E+00","64.367"
"540","146.53E+03","1.614284E+00","63.629"
"541","148.53E+03","1.671177E+00","66.193"
"542","150.55E+03","1.648017E+00","65.547"
"543","152.60E+03","1.687388E+00","66.636"
"544","154.68E+03","1.680602E+00","63.924"
"545","156.78E+03","1.740942E+00","66.398"
"546","158.92E+03","1.676252E+00","66.566"
"547","161.08E+03","1.776352E+00","65.007"
"548","163.28E+03","1.789821E+00","65.941"
"549","165.50E+03","1.826936E+00","66.387"
"550","167.75E+03","1.842226E+00","67.435"
"551","170.04E+03","1.866421E+00","67.011"
"552","172.35E+03","1.893009E+00","67.386"
"553","174.70E+03","1.895247E+00","67.423"
"554","177.08E+03","1.930923E+00","67.780"
"555","179.49E+03","1.946830E+00","68.038"
"556","181.93E+03","1.970488E+00","67.903"
"557","184.41E+03","1.984068E+00","68.303"
"558","186.92E+03","2.012475E+00","68.272"
"559","189.47E+03","2.051642E+00","69.112"
"560","192.05E+03","2.080734E+00","68.812"
"561","194.66E+03","2.100798E+00","69.053"
"562","197.31E+03","2.136249E+00","69.286"
"563","200.00E+03","2.148883E+00","69.380"
"564","202.72E+03","2.181751E+00","69.745"
"565","205.48E+03","2.201981E+00","69.601"
"566","208.28E+03","2.227590E+00","70.198"
"567","211.12E+03","2.255260E+00","70.190"
"568","213.99E+03","2.270973E+00","70.323"
"569","216.90E+03","2.319358E+00","70.193"
"570","219.86E+03","2.358088E+00","70.684"
"571","222.85E+03","2.370352E+00","70.960"
"572","225.89E+03","2.393815E+00","71.170"
"573","228.96E+03","2.433453E+00","70.969"
"574","232.08E+03","2.449174E+00","71.009"
"575","235.24E+03","2.488240E+00","71.454"
"576","238.44E+03","2.508872E+00","72.244"
"577","241.69E+03","2.541086E+00","71.833"
"578","244.98E+03","2.579132E+00","72.478"
"579","248.32E+03","2.612463E+00","72.150"
"580","251.70E+03","2.640437E+00","72.277"
"581","255.13E+03","2.690518E+00","72.202"
"582","258.60E+03","2.711211E+00","72.441"
"583","262.12E+03","2.729203E+00","72.293"
"584","265.69E+03","2.777572E+00","73.075"
"585","269.31E+03","2.808988E+00","72.649"
"586","272.97E+03","2.853915E+00","73.003"
"587","276.69E+03","2.881634E+00","72.662"
"588","280.46E+03","2.919020E+00","73.109"
"589","284.28E+03","2.965537E+00","73.451"
"590","288.15E+03","2.989442E+00","73.383"
"591","292.07E+03","3.027061E+00","73.808"
"592","296.05E+03","3.065490E+00","73.608"
"593","300.08E+03","3.116451E+00","73.853"
"594","304.17E+03","3.146849E+00","74.033"
"595","308.31E+03","3.174122E+00","74.047"
"596","312.51E+03","3.222487E+00","74.176"
"597","316.76E+03","3.254456E+00","74.019"
"598","321.07E+03","3.283441E+00","74.222"
"599","325.45E+03","3.333136E+00","74.126"
"600","329.88E+03","3.378622E+00","74.420"
"601","334.37E+03","3.403709E+00","74.424"
"602","338.92E+03","3.449725E+00","74.417"
"603","343.54E+03","3.488973E+00","74.447"
"604","348.22E+03","3.545486E+00","74.753"
"605","352.96E+03","3.575291E+00","74.714"
"606","357.76E+03","3.628127E+00","74.727"
"607","362.64E+03","3.658410E+00","74.816"
"608","367.57E+03","3.681995E+00","74.851"
"609","372.58E+03","3.751936E+00","74.790"
"610","377.65E+03","3.791581E+00","74.924"
"611","382.79E+03","3.829371E+00","75.237"
"612","388.01E+03","3.862694E+00","75.084"
"613","393.29E+03","3.918743E+00","75.324"
"614","398.64E+03","3.973382E+00","75.213"
"615","404.07E+03","4.003991E+00","75.287"
"616","409.57E+03","4.056482E+00","75.344"
"617","415.15E+03","4.113356E+00","75.464"
"618","420.80E+03","4.157730E+00","75.472"
"619","426.53E+03","4.198044E+00","75.597"
"620","432.34E+03","4.237957E+00","75.278"
"621","438.23E+03","4.301669E+00","75.635"
"622","444.20E+03","4.353338E+00","75.814"
"623","450.25E+03","4.404438E+00","75.810"
"624","456.38E+03","4.444156E+00","75.824"
"625","462.59E+03","4.514977E+00","76.009"
"626","468.89E+03","4.568804E+00","75.919"
"627","475.27E+03","4.627234E+00","75.828"
"628","481.75E+03","4.675046E+00","75.900"
"629","488.31E+03","4.730315E+00","76.022"
"630","494.95E+03","4.788455E+00","76.081"
"631","501.69E+03","4.837677E+00","76.008"
"632","508.53E+03","4.903769E+00","76.158"
"633","515.45E+03","4.968478E+00","76.061"
"634","522.47E+03","5.027580E+00","76.204"
"635","529.58E+03","5.080657E+00","76.221"
"636","536.79E+03","5.147209E+00","76.324"
"637","544.10E+03","5.200866E+00","76.378"
"638","551.51E+03","5.267506E+00","76.349"
"639","559.02E+03","5.330189E+00","76.444"
"640","566.63E+03","5.393028E+00","76.444"
"641","574.35E+03","5.458560E+00","76.496"
"642","582.17E+03","5.523623E+00","76.534"
"643","590.10E+03","5.590672E+00","76.552"
"644","598.13E+03","5.655598E+00","76.593"
"645","606.28E+03","5.717491E+00","76.655"
"646","614.53E+03","5.776085E+00","76.713"
"647","622.90E+03","5.835155E+00","76.773"
"648","631.38E+03","5.897577E+00","76.830"
"649","639.98E+03","5.957890E+00","76.900"
"650","648.69E+03","6.020472E+00","76.947"
"651","657.53E+03","6.081430E+00","77.018"
"652","666.48E+03","6.147224E+00","77.064"
"653","675.55E+03","6.210068E+00","77.127"
"654","684.75E+03","6.275981E+00","77.200"
"655","694.08E+03","6.340761E+00","77.257"
"656","703.53E+03","6.405240E+00","77.311"
"657","713.11E+03","6.475769E+00","77.373"
"658","722.82E+03","6.541873E+00","77.421"
"659","732.66E+03","6.612115E+00","77.476"
"660","742.64E+03","6.684552E+00","77.514"
"661","752.75E+03","6.754532E+00","77.579"
"662","763.00E+03","6.825423E+00","77.620"
"663","773.39E+03","6.899921E+00","77.680"
"664","783.92E+03","6.972074E+00","77.746"
"665","794.59E+03","7.047010E+00","77.779"
"666","805.41E+03","7.115750E+00","77.873"
"667","816.38E+03","7.179266E+00","77.997"
"668","827.50E+03","7.242471E+00","78.126"
"669","838.76E+03","7.307464E+00","78.233"
"670","850.19E+03","7.376081E+00","78.361"
"671","861.76E+03","7.441154E+00","78.501"
"672","873.50E+03","7.505225E+00","78.628"
"673","885.39E+03","7.574168E+00","78.559"
"674","897.45E+03","7.636556E+00","78.665"
"675","909.67E+03","7.704643E+00","78.835"
"676","922.05E+03","7.780948E+00","78.928"
"677","934.61E+03","7.852283E+00","79.027"
"678","947.33E+03","7.918490E+00","79.135"
"679","960.23E+03","7.992212E+00","79.277"
"680","973.31E+03","8.067834E+00","79.383"
"681","986.56E+03","8.135945E+00","79.442"
"682","1.0000E+06","8.217562E+00","79.550"
"683","1.0136E+06","8.348760E+00","80.078"
"684","1.0274E+06","8.437191E+00","80.440"
"685","1.0414E+06","8.488223E+00","80.720"
"686","1.0556E+06","8.589780E+00","80.993"
"687","1.0700E+06","8.654864E+00","81.035"
"688","1.0845E+06","8.752339E+00","81.606"
"689","1.0993E+06","8.801558E+00","81.625"
"690","1.1143E+06","8.903087E+00","82.019"
"691","1.1294E+06","8.970245E+00","82.222"
"692","1.1448E+06","9.071269E+00","82.158"
"693","1.1604E+06","9.179701E+00","82.847"
"694","1.1762E+06","9.222572E+00","82.943"
"695","1.1922E+06","9.250628E+00","83.234"
"696","1.2085E+06","9.403060E+00","83.667"
"697","1.2249E+06","9.472392E+00","84.165"
"698","1.2416E+06","9.577322E+00","84.530"
"699","1.2585E+06","9.657686E+00","85.003"
"700","1.2756E+06","9.784800E+00","85.397"
"701","1.2930E+06","9.885867E+00","85.942"
"702","1.3106E+06","10.00817E+00","86.340"
"703","1.3285E+06","10.12965E+00","86.650"
"704","1.3465E+06","10.27773E+00","87.170"
"705","1.3649E+06","10.37211E+00","87.262"
"706","1.3835E+06","10.45980E+00","87.952"
"707","1.4023E+06","10.62649E+00","88.069"
"708","1.4214E+06","10.74751E+00","88.912"
"709","1.4407E+06","10.92834E+00","89.415"
"710","1.4604E+06","11.06515E+00","89.963"
"711","1.4803E+06","11.22890E+00","90.627"
"712","1.5004E+06","11.40300E+00","91.014"
"713","1.5208E+06","11.55491E+00","91.731"
"714","1.5415E+06","11.72941E+00","92.130"
"715","1.5625E+06","11.88242E+00","92.655"
"716","1.5838E+06","12.06803E+00","93.256"
"717","1.6054E+06","12.26084E+00","93.772"
"718","1.6272E+06","12.48992E+00","94.286"
"719","1.6494E+06","12.75100E+00","94.865"
"720","1.6719E+06","12.99649E+00","95.191"
"721","1.6946E+06","13.21649E+00","95.673"
"722","1.7177E+06","13.47184E+00","96.172"
"723","1.7411E+06","13.73212E+00","96.551"
"724","1.7648E+06","13.99154E+00","97.042"
"725","1.7888E+06","14.26545E+00","97.521"
"726","1.8132E+06","14.55756E+00","97.831"
"727","1.8379E+06","14.88314E+00","98.302"
"728","1.8629E+06","15.23605E+00","98.506"
"729","1.8883E+06","15.56370E+00","98.845"
"730","1.9140E+06","15.88687E+00","99.056"
"731","1.9400E+06","16.26616E+00","99.320"
"732","1.9665E+06","16.58360E+00","99.639"
"733","1.9932E+06","16.93149E+00","99.923"
"734","2.0204E+06","17.32047E+00","100.070"
"735","2.0479E+06","17.74461E+00","100.098"
"736","2.0758E+06","18.14065E+00","100.168"
"737","2.1040E+06","18.53760E+00","100.257"
"738","2.1327E+06","18.95854E+00","100.340"
"739","2.1617E+06","19.38097E+00","100.443"
"740","2.1912E+06","19.81224E+00","100.588"
"741","2.2210E+06","20.23898E+00","100.471"
"742","2.2512E+06","20.67785E+00","100.453"
"743","2.2819E+06","21.13664E+00","100.385"
"744","2.3130E+06","21.59228E+00","100.378"
"745","2.3445E+06","22.07208E+00","100.296"
"746","2.3764E+06","22.54652E+00","100.315"
"747","2.4087E+06","23.01848E+00","100.181"
"748","2.4415E+06","23.50157E+00","100.086"
"749","2.4748E+06","23.93168E+00","99.843"
"750","2.5085E+06","24.42074E+00","99.685"
"751","2.5426E+06","24.90561E+00","99.407"
"752","2.5773E+06","25.36877E+00","99.249"
"753","2.6124E+06","25.84348E+00","98.986"
"754","2.6479E+06","26.30280E+00","98.722"
"755","2.6840E+06","26.79359E+00","98.501"
"756","2.7205E+06","27.27335E+00","98.307"
"757","2.7576E+06","27.75599E+00","98.086"
"758","2.7951E+06","28.23533E+00","97.900"
"759","2.8332E+06","28.70371E+00","97.672"
"760","2.8718E+06","29.18678E+00","97.432"
"761","2.9109E+06","29.64155E+00","97.219"
"762","2.9505E+06","30.14581E+00","96.948"
"763","2.9907E+06","30.62408E+00","96.720"
"764","3.0314E+06","31.12965E+00","96.515"
"765","3.0727E+06","31.60543E+00","96.281"
"766","3.1145E+06","32.11718E+00","96.108"
"767","3.1569E+06","32.59340E+00","95.941"
"768","3.1999E+06","33.09232E+00","95.772"
"769","3.2435E+06","33.55215E+00","95.595"
"770","3.2876E+06","34.03711E+00","95.451"
"771","3.3324E+06","34.51560E+00","95.244"
"772","3.3778E+06","35.02220E+00","95.100"
"773","3.4238E+06","35.48916E+00","94.945"
"774","3.4704E+06","35.97063E+00","94.828"
"775","3.5177E+06","36.47686E+00","94.687"
"776","3.5656E+06","36.96454E+00","94.579"
"777","3.6141E+06","37.50276E+00","94.486"
"778","3.6633E+06","38.00543E+00","94.409"
"779","3.7132E+06","38.52790E+00","94.343"
"780","3.7638E+06","39.06237E+00","94.299"
"781","3.8150E+06","39.60647E+00","94.351"
"782","3.8670E+06","40.14517E+00","94.448"
"783","3.9196E+06","40.74237E+00","94.579"
"784","3.9730E+06","41.41029E+00","94.754"
"785","4.0271E+06","42.11191E+00","94.760"
"786","4.0819E+06","42.87575E+00","94.717"
"787","4.1375E+06","43.76575E+00","94.569"
"788","4.1938E+06","44.57318E+00","94.265"
"789","4.2509E+06","45.29281E+00","93.849"
"790","4.3088E+06","46.03541E+00","93.513"
"791","4.3675E+06","46.67892E+00","93.123"
"792","4.4270E+06","47.22224E+00","92.795"
"793","4.4873E+06","47.81992E+00","92.610"
"794","4.5484E+06","48.43293E+00","92.369"
"795","4.6103E+06","49.05360E+00","92.131"
"796","4.6731E+06","49.70961E+00","91.914"
"797","4.7367E+06","50.33073E+00","91.782"
"798","4.8012E+06","50.91682E+00","91.560"
"799","4.8666E+06","51.50828E+00","91.355"
"800","4.9328E+06","52.09237E+00","91.295"
"801","5.0000E+06","52.58018E+00","91.162"

